pred,label
0.0011484966,0
0.004517643,0
0.03350016,1
0.5154853,1
0.18072392,0
0.029152228,0
0.25391024,1
0.4449192,1
0.0011985279,0
0.005329032,1
0.020668356,0
0.076773755,1
0.019680314,1
0.0625765,1
0.12755306,1
0.008588229,0
0.048222218,1
0.022775494,1
0.032167893,1
0.011982045,1
0.11241991,1
0.026595052,0
0.0010676953,0
0.06635019,1
0.063013084,1
0.07921386,1
0.20506835,1
0.00077071466,0
0.2155153,0
0.5804239,1
0.011743278,1
0.02695946,1
0.01655008,0
0.0018754265,0
0.002930681,0
0.0003203065,1
0.0031562666,0
0.00021210386,0
0.011119014,0
0.20235021,1
0.040475678,1
0.055349696,0
0.0061035478,0
0.0062478343,1
0.0028458743,1
0.20861919,1
0.0022261485,0
0.037542306,0
0.003893091,0
0.03777007,1
0.035006642,1
0.002891241,0
0.077392265,1
0.012193305,1
0.0045371978,0
0.034728654,0
0.0011540514,1
0.010693687,1
0.0061331135,1
0.010725383,1
0.092617884,1
0.0007677484,0
0.00046147208,0
0.02773229,1
0.0015166411,0
0.0016888774,0
0.017171863,1
0.00035149336,0
0.0052867723,0
0.009572194,0
0.0044283443,0
0.024822377,0
0.0023915533,0
0.0046777646,0
0.011929851,1
0.0019869572,1
0.0002582769,0
0.0021559626,0
0.0065668183,0
0.0026950315,1
0.00027066644,0
0.003542963,0
0.0071022464,1
0.022187358,0
0.0020566883,1
0.0047326637,0
0.0020552415,1
0.010243331,0
0.0007863059,1
0.00074472977,0
0.0035680176,0
0.057687435,1
0.014391066,1
0.054528225,0
0.0072626746,0
0.12761396,1
0.048438706,0
0.00082861504,0
0.012713498,1
0.0006189113,0
0.2895138,1
0.05155479,1
0.00025083762,0
0.0007981749,0
0.64614636,1
0.940296,1
0.92361075,1
0.9205534,1
0.8807133,1
0.806366,1
0.91673046,1
0.8777086,1
0.810173,1
0.6235292,1
0.94296104,1
0.9129638,1
0.8666023,1
0.80933934,1
0.8341373,1
0.00024367272,0
0.0013713293,0
0.11816006,0
0.059431683,0
0.0034686874,0
0.016653463,0
0.0034662636,0
0.0065309987,0
0.45813352,1
0.0066870963,0
0.0008955896,0
0.00048801038,0
0.03456069,0
0.010755463,0
0.00084841694,0
0.002611563,0
0.9015424,1
0.93941545,1
0.95598525,1
0.9784453,1
0.9643365,1
0.92798567,1
0.79186565,1
0.8938303,1
0.9831162,1
0.956306,1
0.80975825,1
0.0046875677,0
0.004644742,0
0.00088854507,0
0.021257905,0
0.00039374517,0
0.0044019325,0
0.6322006,1
0.95220953,1
0.95765316,1
0.9675578,1
0.94904715,1
0.94757164,1
0.9635642,1
0.94216347,1
0.93164253,1
0.0011071744,0
0.0015787634,0
0.0032751143,0
0.34858814,1
0.0048031127,0
0.000651751,0
0.0012907363,0
0.010654522,0
0.001608514,0
0.0011984663,0
0.0026507126,0
0.8048328,1
0.97325504,1
0.9388702,1
0.94009525,1
0.9551703,1
0.97923684,1
0.9837188,1
0.955846,1
0.77126896,1
0.0017004099,0
0.025683293,0
0.08433174,0
0.04257372,0
0.0023492554,0
0.014560339,0
0.44133466,1
0.006001963,0
0.0068018273,0
0.0005046692,0
0.0025672587,0
0.010189876,0
0.0006897624,0
0.0017119332,0
0.76802766,1
0.77212995,1
0.94197565,1
0.95684934,1
0.80534536,1
0.0008306867,0
0.011320466,0
0.00010950733,0
0.017414933,0
0.009149174,0
0.010319846,0
0.003064269,0
0.00071974046,0
0.5382431,1
0.9270142,1
0.68553424,1
0.6968134,1
0.95386606,1
0.9837564,1
0.9667232,1
0.918338,1
0.8358151,1
0.0011239755,0
0.045124587,0
0.0067787115,0
0.016944585,0
0.0050520175,0
0.0071092737,0
0.13695478,0
0.012352854,0
0.0054052183,0
0.047868777,0
0.00072122214,0
0.010655246,0
0.0005748171,0
0.002865586,0
0.008671426,0
0.8391063,1
0.9595701,1
0.89522237,1
0.92644864,1
0.9701637,1
0.9573302,1
0.8050887,1
0.0013154242,0
0.0002881893,0
0.0016193751,0
0.002162861,0
0.008903646,0
0.9159097,1
0.93241227,1
0.9467004,1
0.9713079,1
0.9116574,1
0.62605035,1
0.01730844,0
0.0030428967,0
0.85086983,1
0.7550737,1
0.93387115,1
0.91611046,1
0.92916054,1
0.9832485,1
0.96274143,1
0.71067387,1
0.0033266908,0
0.06373748,0
0.025368888,0
0.44686666,1
0.8996344,1
0.012520838,0
0.0018004631,0
0.0130507955,0
0.0019186102,0
0.005000296,0
0.10763751,1
0.0713365,1
0.0011513387,0
0.041657537,1
0.0036052384,0
0.000351634,0
0.0005609596,0
0.0004143339,0
0.0059378482,0
0.00035884965,0
0.001357276,0
0.0014985158,0
0.0011623257,0
0.0016701657,0
9.012169e-05,0
0.000321941,0
0.025322748,0
0.0037553993,0
0.00042939858,0
0.0060108216,0
0.0016068094,0
0.71202636,1
0.45900896,1
0.09406218,1
0.0012923342,0
0.23189339,1
0.17628178,1
0.44567916,1
0.7463076,1
0.0017272317,0
0.23770571,1
0.29000136,1
0.6743978,1
0.5702373,1
0.65932095,1
0.4078332,1
0.644858,1
0.44279876,1
0.020031765,1
0.0004543304,0
0.00068116555,0
0.011952072,0
0.00036399165,0
0.5142769,1
0.024063377,0
0.054520406,0
0.0032300807,0
0.06701899,0
0.16719007,1
0.39386946,1
0.0091818515,0
0.01071147,0
0.624226,1
0.5567497,1
0.3030557,1
0.0032965261,0
0.27236453,1
0.44116408,1
0.15474866,1
0.01821409,0
0.3821846,1
0.3496916,1
0.10164621,0
0.025967035,0
0.047183525,0
0.14251895,1
0.44761962,1
0.4478265,1
0.2105696,0
0.13429767,1
0.009445186,0
0.091215186,0
0.036149602,0
0.016242057,1
0.39345077,1
0.40400913,1
0.43152323,1
0.6605781,1
0.58734345,1
0.02203035,1
0.003220509,0
0.668226,1
0.52055585,1
0.5201798,1
0.46339378,1
0.44596666,1
0.64841205,1
0.29543024,1
0.053633094,1
0.19358398,0
0.05502242,1
0.00801282,0
0.03294852,0
0.0047728345,0
0.0077475444,0
0.052084982,0
0.0042004106,0
0.05240001,0
0.0149294315,0
0.016318522,0
0.124710545,0
0.14586802,1
0.60420483,1
0.0077470574,0
0.131984,1
0.034236126,1
0.2034528,0
0.0024179528,0
0.018029038,0
0.0011857224,1
0.09387618,0
0.031077662,0
0.12693964,1
0.006263812,1
0.4960528,1
0.048130926,0
0.69240916,1
0.0029269517,0
0.006915303,0
0.016236845,0
0.119800396,1
0.004417143,0
0.17186785,1
0.048928194,0
0.046936948,1
0.017241638,1
0.039955933,0
0.029116483,1
0.036568075,1
0.026341198,0
0.009618651,1
0.09906107,1
0.008334675,0
0.14004044,1
0.018019741,0
0.0005417807,0
0.08495764,1
0.0018774738,0
0.15522516,1
0.20211712,1
0.03410383,0
0.10638293,1
0.0504558,0
0.028162831,0
0.5657702,1
0.19811624,1
0.02341415,0
0.1777882,0
0.6325318,1
0.003747704,0
0.008914227,0
0.13150415,1
0.00042505455,0
0.0020302497,0
0.0054062176,0
0.020157969,1
0.010035405,1
0.10932889,1
0.0031230072,1
0.029402215,1
0.003694699,1
0.002763372,1
0.06677564,0
0.002401185,0
0.015540285,0
0.023651436,0
0.031370133,0
0.07315808,0
0.056820482,0
0.002918174,0
0.04128314,0
0.00064494635,0
0.0006098952,0
0.00085449213,0
0.0007220175,0
0.00036013863,0
0.06475759,0
0.23658082,1
0.10593171,0
0.038218215,1
0.0080256555,0
0.009175468,0
0.07249215,0
0.18024665,0
0.25605965,1
0.41426542,0
0.02944789,0
0.2372068,1
0.011002072,0
0.01399292,0
0.2192646,1
0.07414388,0
0.22656836,0
0.05144167,0
0.33933854,1
0.037229873,1
0.089569576,1
0.08051889,1
0.16358009,0
0.24701469,1
0.2571172,1
0.08179579,1
0.008048496,1
0.010182981,0
0.0062963283,0
0.4317337,1
0.013651994,0
0.11313214,1
0.27131233,0
0.0015311942,0
0.015222279,0
0.06343421,0
0.004303484,0
0.32972363,1
0.56799716,1
0.11812955,1
0.058847208,0
0.044289153,0
0.039041575,0
0.016465973,0
0.5638584,1
0.1316151,1
0.13895357,1
0.5804165,1
0.24000047,1
0.62372625,1
0.39937294,0
0.61296636,1
0.045949463,0
0.31323487,1
0.6043171,1
0.006000904,0
0.3387255,0
0.08817706,0
0.050373074,1
0.394023,1
0.5253082,1
0.49207988,1
0.6033319,1
0.072047256,0
0.14154981,0
0.42807862,1
0.0052956543,0
0.56105113,1
0.40021104,1
0.033132758,0
0.11907691,1
0.27518138,1
0.03308792,1
0.24683115,0
0.3649518,0
0.0028341962,0
0.68228215,1
0.04566201,1
0.023354124,0
0.070565365,0
0.3905439,1
0.31227228,1
0.7176597,1
0.56266886,1
0.009413989,0
0.02016255,0
0.03606737,1
0.60352457,1
0.041140914,0
0.009074882,0
0.5767635,1
0.5260677,1
0.0006509347,0
0.3556124,1
0.69560546,1
0.5408075,1
0.35711157,1
0.51069623,1
0.057094507,1
0.43018466,1
0.2451256,1
0.06730588,0
0.032977827,0
0.14440459,0
0.68514776,1
0.27358544,1
0.18734854,1
0.6782845,1
0.3046385,1
0.004862085,0
0.06371902,1
0.14000784,1
0.005088023,0
0.0004783123,0
0.0006187461,0
6.925234e-05,0
0.0015534845,0
0.00051644654,0
0.09940038,1
0.06504977,1
0.48932615,1
0.054008268,1
0.0041161934,1
0.022014568,1
0.005713991,1
0.00031776223,1
0.24863365,0
0.06719858,0
0.044947594,0
0.52902603,1
0.016036775,0
0.0009832765,0
0.029402215,0
0.060228147,0
0.07442307,0
0.0076853083,0
0.020970149,0
0.6594863,1
0.19336385,1
0.60720634,1
0.65307754,1
0.3271782,1
0.02115671,0
0.018243926,0
0.013961039,0
0.3963152,1
0.2139827,1
0.17985189,1
0.30271447,1
0.2234162,1
0.119732656,1
0.009300794,0
0.012577402,0
0.0072223283,0
0.066535816,0
0.029983774,0
0.33806002,0
0.11291127,0
0.38967472,1
0.043912977,0
0.22472605,1
0.0004603188,0
0.029911155,0
0.0011304633,0
0.0064617903,0
0.0013789521,0
0.00077066617,0
0.03201285,0
0.006876629,0
0.0050703436,0
0.60870147,1
0.020029806,0
0.011540137,1
0.008982601,0
0.6213389,1
0.55196315,1
0.17919368,1
0.6734682,1
0.006339796,0
0.015344108,0
0.017425714,0
0.055898033,1
0.63615197,1
0.45251054,0
0.032553338,0
0.0050900243,0
0.71617854,1
0.006344339,0
0.13990459,1
0.044444248,0
0.021956818,1
0.05355942,1
0.061928816,1
0.1554606,1
0.034190644,1
0.008487313,1
0.05368789,1
0.6568637,1
0.12456641,1
0.031404722,1
0.5233408,1
0.014909396,0
0.05066981,0
0.029840572,0
0.15993254,1
0.14415993,1
0.463501,1
0.0066648414,0
0.0013288669,0
0.15466227,0
0.05073547,0
0.42453742,1
0.005992162,0
0.33463097,1
0.004924807,0
0.0135339815,0
0.006197805,1
0.5008199,1
0.060609646,1
0.40976608,1
0.0035041145,0
0.23936813,1
0.009337858,0
0.61602527,1
0.0054533873,0
0.6573624,1
0.13498951,1
0.003220509,0
0.039941948,1
0.7076005,1
0.00014144694,0
0.0042028325,0
0.00021795239,0
0.09877915,1
0.0006126142,0
0.039818034,1
0.0013128289,0
0.001181255,0
0.0037862507,0
0.00038512365,0
0.5026516,1
0.020143718,1
0.026113601,1
0.51900595,1
0.056730803,1
0.0005086598,0
0.08790131,1
0.0011291434,0
3.3429482e-05,0
0.0011633781,0
0.0004564765,0
0.00021859442,0
0.008641894,0
0.00028091043,0
0.0028011296,0
0.0008004341,0
6.8501664e-05,0
0.00095777423,0
0.15548542,1
0.0008274604,0
9.822475e-05,0
0.0015276566,0
0.0012492696,0
0.00017002797,0
0.00044709822,0
0.00024876482,0
0.00014019734,0
0.00024214807,0
0.0004968035,0
0.00548999,0
0.0002738394,0
0.0015773238,0
0.0013964934,0
0.000115919116,0
0.0016912227,0
0.00027369946,0
0.00017115977,0
0.0015358274,0
0.1058611,0
1.8973018e-05,0
9.9654826e-05,0
0.0003132217,0
0.0020385482,0
0.00018988173,0
0.00022572304,0
0.6490656,1
0.00015971962,0
0.00014194309,0
0.00013463425,0
0.0005803663,0
0.00329121,0
0.100029714,1
0.01979151,1
0.040235974,1
0.03184937,1
0.00090503984,0
0.0059204404,0
0.00062361266,0
6.4806976e-05,0
0.04385769,1
0.006090284,1
0.2048691,1
0.10211623,1
0.04330048,1
0.313563,1
0.41719258,1
0.012295539,1
0.0072989585,1
0.0058306637,1
0.0065516713,1
0.00240548,0
0.00064817275,0
0.0001296762,0
0.003907213,0
0.15450607,1
0.42508325,1
0.5280977,1
0.053397186,1
0.1701682,1
0.18530586,1
0.76260567,1
0.42048126,1
0.032239728,1
0.08860902,1
0.1868301,1
0.015386248,1
0.06253783,1
0.5859921,1
0.6451993,1
0.38507536,1
0.02900864,1
0.02373341,1
0.090749376,1
0.26844084,1
0.3600758,1
0.36629695,1
0.14014976,1
0.43273687,1
0.016677579,1
0.07758542,1
0.032581065,1
0.25083926,1
0.07732377,1
0.05697585,1
0.6611069,1
0.46458694,1
0.54874647,1
0.022231614,1
0.14006291,1
0.12267628,1
0.5366664,1
0.22842215,1
0.47738537,1
0.10736498,1
0.16329186,1
0.0018267758,0
0.14744177,1
0.64992994,1
0.11685783,1
0.07501192,1
0.050902415,1
0.17487365,1
0.0050456603,0
0.00069666974,0
0.0004458149,0
0.29932535,1
0.62236136,1
0.32665,1
0.40244457,1
0.6563279,1
0.03162459,0
0.00045835265,0
0.0022308168,0
0.043983117,1
0.63618255,1
0.34231824,1
0.3507437,1
0.36351863,1
0.40332127,1
0.21842,1
0.0018415492,0
0.0023546438,0
0.0024802324,0
0.4071245,1
0.37367648,1
0.37925056,1
0.59253323,1
0.43322575,1
0.34580597,1
0.65602267,1
0.64786863,1
0.5286811,1
0.2428167,1
0.0055264495,0
0.0020662348,0
0.00016600601,0
0.00019942524,0
0.0007831212,0
0.59251755,1
0.31524545,1
0.4328079,1
0.57100797,1
0.71166885,1
0.5912671,1
0.4476522,1
0.044207674,1
0.05429594,0
0.092956305,0
0.006888832,0
0.0005409263,0
0.0039467416,0
0.016737372,0
0.0023722413,0
0.012107,0
0.0014270908,0
0.69669026,1
0.35234556,1
0.13930601,1
0.00020343899,0
0.0014596977,0
0.004502533,0
0.00046932622,0
0.008404895,0
0.005071099,0
0.0046267435,0
7.85817e-05,0
0.0010854334,0
0.0006190284,0
0.005203401,0
0.0030061076,0
0.035300113,1
0.021546405,1
0.6790107,1
0.56536496,1
0.29523098,1
0.20968638,1
0.36574855,1
0.06909127,1
0.023903616,1
0.016768117,1
0.0010556505,0
0.0013056229,0
0.00018861862,0
0.0004927426,0
0.00849862,0
0.001066767,0
0.0012249326,0
0.008224479,0
0.007895692,0
0.0022318147,0
9.75084e-05,0
0.0018237144,0
0.0009883116,0
0.023772188,0
0.002538374,0
0.00027236616,0
0.67313325,1
0.5061294,1
7.0731e-05,0
0.005766099,0
8.111657e-05,0
0.0002104329,0
1.9439767e-05,0
0.0015154666,0
0.00034796176,0
0.1283431,1
0.45897672,1
0.22554532,1
6.0768347e-05,0
0.0005579412,0
0.0004906144,0
0.00014196515,0
0.0001511895,0
0.00038518923,0
0.002029166,0
0.00079181447,0
0.00017352229,0
0.0001571023,0
0.000206293,0
0.00046268298,0
0.18037866,1
0.00026086604,0
0.000104649094,0
0.00041545593,0
0.48911843,1
0.14447013,1
0.042916294,1
0.12543978,1
0.69854283,1
0.092365295,1
0.2500112,1
0.12499617,1
0.13190202,1
0.06566759,1
0.5626546,1
0.6602723,1
0.07117417,1
0.05688967,0
0.17162311,1
0.2825688,1
0.0044569317,0
0.0013305043,0
0.0103641655,0
0.009003704,0
0.0005963575,0
0.0120175425,0
0.00044337608,0
0.009540131,1
0.43708247,1
0.37684274,1
0.5308221,1
0.019822184,1
0.24797109,1
0.37125686,1
0.14832711,1
0.41161683,1
0.6632425,1
0.5321405,1
0.04512925,1
0.22774045,1
0.29717693,1
0.0003122828,0
0.00018958739,0
0.006015633,0
0.00043966938,0
0.00015777003,0
0.00014123885,0
0.0034303751,0
0.017924698,0
0.046828665,0
0.00011735272,0
0.0011822354,0
0.0012633391,0
8.861114e-05,0
7.041122e-05,0
0.00021556638,0
0.00045783803,0
0.00074455707,0
0.24711432,1
0.00025904534,0
0.0005977059,0
0.00010105504,0
8.5203385e-05,0
0.24526969,1
0.4725088,1
0.6167392,1
0.52815443,1
0.43493903,1
0.39984939,1
0.20798416,1
0.053452935,1
0.31173673,1
0.08977888,1
0.1894296,1
0.052666124,1
0.053396907,1
0.093788765,1
0.009381522,1
0.25911516,0
0.00092044036,0
0.0022245327,0
0.035300203,0
0.3994099,1
0.00090654625,0
0.00029659778,0
0.00081151474,0
0.00039025012,0
0.0344127,0
0.003923822,0
0.0016625006,0
0.0014439999,0
0.005711088,0
0.0055724583,0
0.0014855632,0
0.006706553,0
0.39467266,1
0.26166305,1
0.4273896,1
0.07629945,1
0.22472942,1
0.39504772,1
0.22468333,1
0.055429924,1
0.33420098,1
0.5089122,1
0.5362729,1
0.12562542,1
0.46213424,1
0.12484088,1
0.13100198,1
0.020508206,1
0.0030456013,0
1.3865199e-06,0
0.00017600853,0
0.0081862295,0
0.0010141337,0
0.027178757,0
0.001004004,0
0.0005386046,0
0.0003152583,0
0.5937358,1
0.29228345,1
0.23052794,1
0.35914645,1
0.62294644,1
0.467903,1
0.6702655,1
0.4867589,1
0.19796151,1
0.052323088,1
0.06343066,1
0.022288915,1
0.017079018,0
0.0045504943,0
0.0070179068,0
0.0044701197,0
0.0049403077,0
0.041252207,0
0.0054881265,0
0.006126633,0
0.0062969094,0
0.0045678676,0
0.50876236,1
0.05626041,1
0.24413939,1
0.4549793,1
0.3870463,1
0.030890688,1
0.04667022,0
0.04548099,0
0.28247765,0
0.034560423,0
0.010421712,0
0.29261926,0
0.0030103961,0
0.03924592,1
0.04774295,1
0.05727578,1
0.018263966,1
0.03545976,1
0.00060174335,0
0.00085165806,0
0.0013487763,0
0.0077625155,0
0.008232687,0
0.60470116,1
0.7221667,1
0.022791073,0
0.1633139,0
0.3157278,1
0.011545877,0
0.0008299862,0
0.08131476,1
0.031582024,1
0.0011375953,0
0.002710777,1
0.00048368998,0
0.021587975,0
0.21275966,1
0.10759252,1
0.081641905,1
0.45471138,1
2.031855e-05,0
0.00020389592,0
3.7487687e-05,0
0.0015030153,0
0.0009855935,1
0.12070701,1
0.047019422,1
0.00060595304,0
0.0039600693,1
0.034463454,1
0.0055428,0
0.24375415,1
0.009480409,0
0.010075562,1
0.02442717,1
0.018812586,1
0.30118525,1
0.04126385,1
0.019571366,1
0.00079558924,0
0.002600865,0
0.003084139,0
0.00466856,0
0.30264977,0
0.014402147,0
0.021360228,1
0.011423631,1
0.11365003,1
0.018765118,1
0.0037804618,0
0.046913646,0
0.01674289,1
0.027128972,1
0.007670374,0
0.0036114464,0
0.0043175444,0
0.003627189,0
0.0043074624,0
0.0038552864,0
0.003576817,0
0.014121112,0
0.35068047,1
0.026575936,1
0.41466117,1
0.031276908,1
0.21791382,1
0.0055123707,1
0.076878324,0
0.004500392,0
0.012946015,1
0.0464516,1
0.029437575,1
0.011688568,1
0.052760463,1
0.033681903,1
0.07769086,0
0.18949403,1
0.002121626,0
0.0032494226,0
0.046214625,0
0.0037283977,1
0.07250735,1
0.0029752306,0
0.0005310825,0
0.005685198,0
0.02835713,1
0.0061324257,0
0.0020910467,0
0.00050854636,0
0.0029683642,0
0.004082581,0
0.0017060562,0
0.22210427,1
0.0778591,1
0.004968564,0
0.041071787,0
0.020260356,0
0.0036014086,1
0.004606462,1
0.0019356773,0
0.008870173,1
0.0063212262,0
0.000616047,0
0.15474111,1
0.19967791,1
0.030421259,1
0.012660073,0
0.052976236,1
0.02115465,1
0.020282341,0
0.04412517,0
0.007895062,0
0.011984914,1
0.34053755,0
0.015139513,0
0.13680594,1
0.005199498,0
0.038826395,1
0.23713478,1
0.4936407,1
0.02841293,1
0.00474203,0
0.023545587,0
0.07539043,1
0.1795621,1
0.09033586,1
0.017868243,0
0.09262478,0
0.16752848,0
0.0078047444,1
0.019623438,1
0.0034880454,1
0.02685139,1
0.013243686,1
0.003481566,0
0.0016967811,1
0.013663028,0
0.15394668,0
0.011507368,0
0.035231788,0
0.015852673,1
0.02256494,0
0.057875056,0
0.002537466,1
0.0036667525,1
0.002117875,0
0.00065351435,1
0.00929916,1
0.0050221435,1
0.00020861141,0
0.02581826,0
0.012871258,1
0.0015916335,1
0.025604876,1
0.0084325075,0
0.00029519963,1
0.05138955,1
0.0010447591,1
0.0001952859,0
0.0063150977,0
0.0073736394,0
0.00050808967,1
0.012942483,0
0.0014733234,0
0.00085343706,0
0.0009392081,1
0.0018783673,0
0.0002763868,0
0.014501351,0
0.003669715,1
0.0033226411,1
0.0026500784,1
0.01944493,0
0.0083107855,1
0.0011694669,0
0.0020983138,0
0.18544725,1
0.0014538994,0
0.00039812806,0
0.0050284783,1
0.0042200983,0
0.09033738,1
0.007969365,1
0.0076233344,1
0.0023513015,1
0.0016325023,0
0.0079085,0
0.0030871213,0
0.016095405,1
0.01908668,1
0.00041778048,0
0.0104236,0
0.0006938666,0
0.0386381,1
0.009093837,0
0.07579892,0
0.13755964,0
0.17498335,1
0.19667144,1
0.41855198,1
0.09943582,0
0.0027133098,0
0.717856,1
0.023467192,0
0.0014366119,0
0.21130021,1
0.009823885,0
0.058752622,0
0.001607368,0
0.78550464,1
0.42114902,1
0.2636856,1
0.56766135,1
0.0075050564,0
0.6671602,1
0.77196705,1
0.17565922,1
0.0038234121,0
0.863415,1
0.009592269,0
0.6816205,1
0.0030468858,0
0.028908055,0
0.009141971,0
0.09983428,0
0.033230048,1
0.17960067,1
0.0041690585,1
0.0010244743,0
0.00078546535,0
0.00034893642,0
0.0003884296,0
9.7293e-05,0
0.00072480604,0
0.00012154675,0
0.00018438221,0
0.00055276917,0
0.00018537186,0
0.0011329682,0
0.00051767495,0
0.0004126846,0
4.9240538e-05,0
9.41038e-05,0
0.00031224228,0
8.774992e-05,0
0.00016945259,0
4.7660324e-05,0
0.000805927,0
0.00021769151,0
0.0002240262,0
0.0003404569,0
0.0005425533,0
0.00040621686,0
6.76657e-05,0
0.00011555185,0
6.7194946e-05,0
0.00033459743,0
0.00024702412,0
0.0006150034,0
0.0023286252,1
0.000106025705,0
0.00024792828,0
0.00018627194,0
0.00015892569,0
0.0001512515,0
0.00023813563,0
6.048056e-05,0
0.00014511427,0
0.00053119287,0
8.5839485e-05,0
0.023666337,1
0.000125033,0
8.541131e-05,0
0.00018226856,0
0.00023861676,0
0.018167313,1
0.00016198307,0
0.037889957,1
0.00018891845,1
0.0007928609,1
9.78787e-05,0
0.0011506102,1
0.0054290695,1
0.0077955034,1
0.000105006264,0
0.00021354826,0
0.00037704347,0
5.910153e-05,0
0.00019967105,0
0.010387054,1
0.0023878226,1
0.004172649,1
6.805895e-06,0
3.233806e-05,0
1.5738478e-05,0
9.540195e-06,0
0.00019549864,1
0.0003618447,0
7.258895e-05,0
0.0006158809,0
9.368995e-05,0
0.00087745313,1
6.2908635e-05,0
0.00020676562,0
0.0003103861,0
4.9702972e-05,0
0.00012015275,0
4.4706136e-05,0
0.0005773008,1
6.6100474e-05,1
0.0005266131,1
0.0015234686,1
0.0002853862,1
0.0024977848,1
0.00042261017,1
0.00037573022,1
0.00071491284,0
0.00029147646,0
2.2406251e-05,0
4.4020195e-05,0
0.00010877331,0
0.0002080334,0
0.00021330529,0
0.00010907546,0
0.00014635856,0
0.00034983145,0
0.00056403596,0
0.00017329297,0
2.9049099e-05,0
0.00010331973,0
0.0005438638,1
3.652379e-05,0
0.00047909946,0
2.1674834e-05,0
0.0018218993,1
4.8348087e-05,0
4.673172e-05,0
0.0007124684,1
0.00042028565,1
0.000297691,1
0.00019501627,0
4.9893162e-05,0
9.495835e-05,0
0.054824878,1
1.1156068e-05,0
2.1138614e-05,0
0.00080467993,1
2.4940698e-05,0
0.00082590134,0
0.00010190602,0
9.398588e-05,0
0.00020541054,0
0.00024635144,0
0.00021334433,0
0.0011718454,1
9.3884206e-05,1
0.0011519348,0
0.0016651091,0
0.0005740123,0
0.00034042675,1
0.00022668624,0
0.0005728373,0
0.00014884742,0
0.0011851523,0
0.005250243,1
0.015117972,1
2.2681976e-05,0
0.00018129445,0
0.0001275425,0
0.00013350845,0
0.0007175174,0
0.0010576246,0
0.00010865076,0
0.00068108964,0
0.00013690157,0
0.00044117513,0
4.929565e-05,0
0.0005505109,0
0.00028021602,0
0.00020806295,0
0.00012871921,0
0.00033993088,0
0.00010199546,0
0.00034331015,0
0.00014142282,0
0.000107498505,0
3.367596e-05,0
0.0003094291,0
8.546394e-05,0
0.0010473278,0
0.00063406595,0
9.311583e-05,0
0.00075793767,0
0.00010119004,0
0.000300592,0
0.0005254569,0
9.044972e-05,0
0.00022909677,0
0.00012335587,0
0.00017989366,0
0.00023646609,0
0.00061242474,0
0.00013655293,0
0.00035577614,0
0.00068985805,0
8.49505e-05,0
0.0321491,1
0.00019169762,0
8.370411e-05,0
5.4734977e-05,0
0.00059540255,0
0.00019536394,0
0.0001473619,0
0.005580378,0
0.001789752,1
0.00022369195,1
0.00145495,1
0.015236354,1
0.008083014,1
9.1830174e-05,0
5.0697385e-05,0
6.1718776e-05,0
0.00011962333,0
0.00050391647,0
0.00027462954,0
0.00075817277,1
0.00026300552,1
0.006503713,1
0.003624371,1
0.00033108064,0
0.0005121139,0
0.00054206274,0
0.036195397,1
0.04770951,1
0.13420628,1
0.16334477,1
0.005383367,1
0.51681805,1
0.45021424,1
0.009616458,1
0.2081395,1
0.059037838,1
0.023542672,1
0.17911524,1
0.006841597,1
0.14234413,1
0.039490152,1
0.020705111,1
0.004939349,1
0.003429001,1
0.0020533458,1
0.006727178,1
0.09193583,1
0.023027372,1
0.32329053,0
0.014832505,0
0.059604578,1
0.16712737,1
0.067641705,1
0.008294923,0
0.044227663,1
0.43523508,1
0.09157195,1
0.00071566337,1
0.0041125473,0
0.007462338,0
0.5283294,1
0.0032705024,0
0.00056555134,0
0.15332788,1
0.004755028,0
0.10393471,1
0.23643208,1
0.060564,1
0.17095415,1
0.10297085,1
0.17138202,1
0.0011016184,0
0.0004545544,0
0.01864278,0
0.0003024372,0
0.04421601,1
0.009125594,1
0.0069968617,1
0.008229526,1
0.0009979265,1
0.029912675,1
0.0027853744,1
0.011265633,1
0.21833129,1
0.47728965,1
0.087561496,1
0.14215727,1
0.07249528,1
0.49939835,1
0.0005326191,0
0.019852782,0
0.0013949835,0
0.011724832,1
0.004275636,1
0.033756275,1
0.007279957,1
0.01052908,1
0.0458096,1
0.046453256,1
0.0012944199,0
0.0028588658,1
0.055700183,1
0.121755175,1
0.63078445,1
0.06176701,1
0.04064269,0
0.0046052113,0
0.35133794,1
0.04231119,1
0.07001093,1
0.23137806,1
0.24215518,1
0.07600872,1
0.15445329,1
0.20324898,1
0.53755367,1
0.65869415,1
0.03977543,1
0.0031073005,1
0.08426263,1
0.014356173,1
0.50135094,1
0.22551088,1
0.6561381,1
0.0052073346,0
0.016075354,1
0.00019658056,1
0.0042410796,1
0.056058545,1
0.00885175,1
0.027854796,1
0.052326173,1
0.39122847,1
0.17233005,1
0.21432762,1
0.02497283,1
0.5773753,1
0.0690002,1
0.4446095,1
0.0002128003,0
0.0016230559,0
0.04205467,1
0.033195045,0
0.007261107,0
0.6056439,1
0.06967044,1
0.3177341,1
0.31100976,1
0.5342509,1
0.5844334,1
0.18662728,1
0.2250735,1
0.0010828194,1
0.13676,1
0.2153478,1
0.04549485,1
0.059827194,0
0.6577571,1
0.67324793,1
0.4373792,1
0.62897563,1
0.6620962,1
0.14493729,1
0.21449874,1
0.0792675,1
0.0999237,1
0.06427894,1
0.0032155109,1
0.006448686,1
0.08849725,1
0.02803056,1
0.36675486,1
0.14515942,1
0.087673225,1
0.028300926,1
0.32639125,1
0.069187626,1
0.011531916,1
0.35134402,0
0.0021385725,1
0.0033280128,1
0.006624982,1
0.006090688,1
0.07961267,1
0.23441981,1
0.40487662,1
0.06742222,1
0.04964007,1
0.05973426,0
0.027103866,1
0.09811356,1
0.16319117,1
0.010222053,1
0.6482667,1
0.019955218,1
0.007188089,1
0.4466977,1
0.39602327,1
0.021087758,1
0.30269113,1
0.09090851,1
0.00041219412,0
0.017641366,1
0.03955038,1
0.0014696402,1
0.19656327,1
0.19115232,1
0.029274462,1
0.13638885,1
0.207738,1
0.13437949,1
0.006486262,1
0.079923116,1
0.031657852,1
0.16930063,1
0.09469195,1
0.73103034,1
0.46475497,1
0.021161314,0
0.014444749,0
0.018093947,1
0.029343963,1
0.8045447,1
0.45672053,1
0.024487507,1
0.05376629,1
0.4393974,1
0.025466952,1
0.004267312,1
0.04247924,1
0.15460487,1
0.41147858,1
0.48477003,1
0.6163103,1
0.20505077,1
0.17650655,1
0.081940874,1
0.21191895,1
0.028882874,0
0.55660325,1
0.6419628,1
0.016173521,1
0.029148934,1
0.42653832,0
0.3386005,1
0.056418873,1
0.012288447,1
0.48748302,1
0.48653066,1
0.029689873,1
0.06015848,1
0.06265782,1
0.001094202,0
0.0051090154,1
0.018616766,1
0.2973976,1
0.013478111,1
0.19229874,1
0.19388174,1
0.053866662,1
0.5679186,1
0.6082236,1
0.46613342,1
0.0025155833,0
0.7845382,1
0.43897304,1
0.3007543,1
0.028585838,1
0.0017290316,1
0.005500701,1
0.077197455,1
0.49860758,1
0.03566593,1
0.43541238,1
0.14989689,1
0.0032140026,0
0.0013758248,0
0.26827273,1
0.148687,1
0.042301036,1
0.018454663,0
0.085305944,1
0.16684598,1
0.02783528,1
0.3336158,1
0.22723547,1
0.2401502,1
0.007943478,1
0.12769254,0
0.03990976,0
0.029048355,1
0.010903763,1
0.21101613,1
0.19334415,1
0.004236233,1
0.0026353688,1
0.14971168,1
0.123760596,1
0.09617462,1
0.0009048114,1
0.13879238,1
0.029113926,1
0.12427361,1
0.52118325,1
0.006573843,1
0.0021852374,0
0.042088274,0
0.4123954,1
0.17802078,1
0.25118184,1
0.12356475,1
0.0034416886,1
0.057794213,1
0.39549008,1
0.028844506,1
0.06344933,1
0.06632116,1
0.04401179,1
0.3939608,1
0.008035958,1
0.114924,1
0.16591989,1
0.046019822,1
0.017541824,1
0.13287829,1
0.087479696,1
0.5458305,1
0.009908668,1
0.004977532,1
0.40533933,1
0.19177356,0
0.10872586,1
0.0063299416,0
0.00093566836,0
0.00017177027,0
0.0013390267,0
7.860702e-06,0
8.911347e-05,0
0.00015660663,0
5.303172e-05,0
0.00013288687,0
0.0007296187,0
1.9319526e-05,0
1.0747348e-05,0
2.3395847e-05,0
1.092603e-05,0
4.066087e-05,0
1.281273e-05,0
1.6391845e-05,0
4.7047542e-05,0
3.9594994e-05,0
1.7727203e-05,0
4.0283252e-05,0
5.799225e-05,0
0.00019149922,0
5.8393853e-05,0
8.2303704e-05,0
0.0003207013,0
0.00033106803,0
4.288601e-05,0
0.000273748,0
0.0001634608,0
0.00050281145,0
0.00022167494,0
3.414463e-05,0
8.319172e-05,0
8.3670115e-05,0
6.5090215e-05,0
3.6886107e-05,0
9.0586436e-05,0
0.0004870287,0
0.00028296706,0
0.00013214035,0
7.977176e-05,0
3.3937547e-05,0
1.3108393e-05,0
9.7691365e-05,0
1.791295e-05,0
6.223367e-05,0
4.762348e-05,0
8.814943e-06,0
4.9974256e-05,0
3.0378216e-05,0
2.9133214e-05,0
0.00012380484,0
5.0964914e-05,0
8.590426e-05,0
3.912905e-05,0
5.323145e-05,0
0.00010410736,0
0.0002467153,0
2.1330017e-05,0
5.9057984e-05,0
8.260312e-05,0
1.38000105e-05,0
3.4515226e-05,0
7.096484e-05,0
6.22643e-05,0
0.00019811034,0
0.00025600666,0
8.8470304e-05,0
0.0002472218,0
0.000566842,0
2.9472203e-05,0
0.003299509,0
0.00013935847,0
5.1448544e-05,0
3.649256e-05,0
2.5415939e-05,0
1.1314989e-05,0
0.0005210139,0
0.00019783982,0
0.00014032495,0
6.9435046e-05,0
0.00015402066,0
0.00014337657,0
8.8046305e-05,0
0.000123552,0
0.00017726209,0
0.0004352713,0
0.00014971386,0
0.0006389953,0
0.001435459,0
0.000508103,0
1.343688e-05,0
0.00010328633,0
0.00011613077,0
0.0001495933,0
0.00028350172,0
5.1081283e-06,0
4.646394e-05,0
5.4924247e-05,0
0.00011336025,0
6.687302e-05,0
0.00016977005,0
4.928644e-05,0
2.803275e-05,0
5.043098e-05,0
0.000120633886,0
5.2357318e-05,0
0.00013961105,0
0.01868198,0
0.005437286,0
0.003072323,0
0.0072540985,0
0.0011554748,1
0.0013493295,1
0.00012244938,0
0.00871978,0
0.03128265,0
0.0034711375,0
0.00034056307,0
0.00073394104,0
0.009773016,0
0.021630762,0
0.0051436187,0
0.005808816,1
0.005941897,0
0.012280844,0
0.025618967,0
0.0020032057,0
0.0044588363,1
0.00095115893,0
0.0045465757,1
0.25070173,0
0.03126561,0
0.0028220129,0
0.0016864213,0
0.013788381,0
0.001621137,0
0.0112383915,0
0.05720484,0
0.0023788612,0
0.012194254,1
0.0030307814,1
0.0030495205,1
0.020564796,0
0.019704947,0
0.017640902,1
0.0050927196,1
0.055225946,0
0.13612966,1
0.012066631,1
0.00036712462,1
0.00013366323,1
0.006830622,1
0.011383073,0
0.0057521192,0
0.0013108992,1
0.0066093192,1
0.0035888827,1
0.044725556,1
0.0036523805,1
0.008089264,0
0.0034036394,1
0.01918391,0
0.028976498,0
0.0066358177,1
0.0012005486,1
0.0012830818,0
0.013246585,1
0.0019246836,1
0.029315325,1
0.008236141,1
0.0049553374,1
0.004337661,1
0.0043894364,1
0.0013088101,0
0.0067468584,0
0.0018909079,0
0.031250276,0
0.0019676446,0
0.0019229332,0
0.0029227117,1
0.0141155375,1
0.009929146,1
0.0007166601,1
0.0022642822,1
0.08044875,1
0.01117157,1
0.0033129877,0
0.0057897437,1
0.0034313514,1
0.002869788,0
0.0025620537,0
0.0011506474,1
0.0041022566,1
0.00061877444,1
0.0030180754,0
0.00093652634,0
0.00044051892,0
0.0013392429,1
0.002117485,1
0.005401438,0
0.0026162385,1
0.06902835,0
0.00041871401,0
0.021368662,0
0.08164699,0
0.0024665736,0
0.0081456015,0
0.00072859146,1
0.021151297,1
0.000757582,0
0.009718177,1
0.018195864,1
0.0038244256,1
0.008837743,1
0.002286579,0
0.0010839981,0
0.19552638,1
0.0048147608,0
0.00073977694,0
0.004949477,0
0.012313533,0
0.0013053046,0
0.00070802914,0
0.013724482,1
0.015521599,1
0.005069578,0
0.009067621,1
0.0010093392,1
0.0014779443,1
0.008385741,1
0.0005370854,0
0.03054178,0
0.0077381334,0
0.030375475,1
0.0009024875,0
0.0017802049,0
0.010805347,1
0.0013473519,0
0.00065972685,1
0.0014276366,1
0.0040978524,1
0.04024663,1
0.010105287,0
0.0010575413,0
0.00061356224,1
0.0010149253,0
0.004836749,0
0.0010650033,1
0.0029620288,1
0.009038486,1
0.012340277,1
0.009649118,1
0.0019690813,0
0.002000024,0
0.007079133,1
0.02393536,1
0.0020534534,0
0.006412562,1
0.15697293,0
0.0033936098,1
0.013655885,1
0.0054179165,0
0.0014091696,0
0.012665104,0
0.031882748,0
0.0075466665,0
0.022823678,0
0.0022870535,0
0.0031860103,0
0.0002961273,0
0.040940974,0
0.011079316,0
0.0018941901,0
0.0010643308,0
0.0012532927,1
0.013453927,1
0.0037305187,1
0.0019082396,0
0.017611466,1
0.0033294647,1
0.0022401144,0
0.0060141785,1
0.0019152417,1
0.05655003,0
0.109484605,1
0.0017341718,0
0.0016833318,0
0.0023160472,0
0.00211582,0
0.0027632324,1
0.0037004764,1
0.07345995,1
0.10653325,1
0.002043741,1
0.082008444,1
0.0018276323,0
0.004319599,1
0.00020705147,1
0.010147415,1
0.010791228,1
0.0024702812,1
0.0070826528,1
0.0019352195,1
0.0038899858,0
0.0016541169,0
0.0012611469,0
0.01847763,1
0.001773791,1
0.0049513327,0
0.0010663118,0
0.017376797,1
0.0014355076,0
0.0008962575,0
0.00039510918,0
0.017142242,1
0.009820165,0
0.001870205,0
0.096307844,0
0.004189543,1
0.029364925,1
0.01080837,0
0.0050051003,0
0.0026168956,0
0.0021316449,0
0.0038792586,1
0.009552301,1
0.004460869,1
0.0048706913,1
0.0032987483,1
0.017100692,1
0.008533439,1
0.008509866,1
0.011985806,1
0.008963697,0
0.0014225906,0
0.00076387957,0
0.00048260752,1
0.015824027,1
0.063616306,0
0.0023378993,1
0.0016656196,1
0.107472345,1
0.033470437,1
0.0028322442,1
0.0014851198,1
0.002731107,1
0.010825216,1
0.001952376,0
0.0013925252,1
0.029446037,1
0.026666477,1
0.09852835,1
0.0019658715,0
0.009192864,1
0.0013069615,0
0.00068540283,1
0.08081451,1
0.0675619,1
0.013773979,1
0.0039604264,1
0.0019457242,0
0.0033917716,0
0.010369918,0
0.0738401,1
0.002643827,1
0.0030022727,1
0.068813756,1
0.043604176,0
0.058626834,0
0.001311516,0
0.008795817,0
0.00052893144,0
0.0020859854,0
0.00027703313,0
0.0007964631,0
0.0014771832,0
0.0006418362,0
0.00805145,1
0.007015305,0
0.0027359608,0
0.00021149439,0
0.002443424,1
0.00094269373,1
0.000694887,1
0.005949056,1
0.02429131,0
0.2687634,1
0.12597285,0
0.5827828,1
0.26109818,1
0.00030570428,0
2.8524468e-05,0
0.0034838694,0
0.29316577,1
0.00073027675,0
0.01045047,1
0.20886475,1
0.049051635,1
0.023092367,0
0.003920231,0
0.035147008,1
0.011977993,1
0.15664689,1
0.044028506,1
0.00067514565,0
0.003941062,0
0.2380944,1
0.029316906,1
0.09968546,1
0.18034132,1
0.019830529,0
0.01506026,0
0.0030963349,0
0.01222907,1
0.6071456,1
0.011010995,1
0.004029742,1
0.0015174573,0
0.70098174,1
0.035577767,0
0.02045957,0
0.0049994183,0
0.00054188346,0
0.00056595955,0
0.011154623,0
0.2735448,1
0.030140044,0
0.0030970208,0
0.0017998444,0
0.0006649579,0
0.018975165,1
0.5732575,1
0.054703463,1
0.010311235,0
0.04501628,0
0.0005428624,0
6.9992784e-06,0
0.00030158,0
0.0003726416,0
0.00473625,0
0.0034942746,1
0.18069488,1
0.0010362566,0
0.0747067,0
0.14736518,1
0.08891255,1
0.20624427,1
0.0020635682,0
0.001063828,0
0.009158179,1
0.02314686,1
0.041306116,1
0.13476181,1
0.0006076015,0
0.20796698,1
0.14058986,1
0.011025788,0
0.013296771,0
0.041062444,1
0.14782128,1
0.0005009642,0
0.48178262,1
0.00032609704,0
0.0011894323,1
0.5533753,1
0.022828687,1
0.0005105746,0
0.002089334,1
0.00086584064,0
0.0014106319,0
0.09857892,1
0.0029077206,0
0.0028673767,0
0.10529363,1
0.0036129293,0
0.32822445,1
0.47264493,1
0.466279,0
0.0051234616,1
0.0071403887,0
0.014040148,0
0.0039129313,0
0.0011789607,0
0.0013632638,0
0.00086771883,0
0.0007011583,0
0.022895435,0
0.0072891875,0
0.6948738,1
0.61649346,1
0.5953369,1
0.62857145,1
0.7215356,1
0.13022108,1
0.42285222,1
0.13244687,1
0.07178291,1
0.3289771,1
0.21977302,1
0.2424627,1
0.40325564,1
0.00012987568,0
0.00023822261,0
0.0025437411,0
0.0027637135,0
0.001906308,0
0.012950403,0
0.0064692614,0
0.017855244,0
0.029172173,0
0.026443595,0
0.025287224,1
0.53296214,1
0.5483733,1
0.46084017,1
0.58254814,1
0.031379484,1
0.008342821,0
0.02623434,0
0.013241513,0
0.06929113,0
0.017816978,0
0.12065867,0
0.2811305,1
0.67620313,1
0.7804154,1
0.64281213,1
0.40077993,1
0.6177764,1
0.59215945,1
0.0027320578,0
0.00057200086,0
0.018071402,1
0.19852759,1
0.03259148,0
0.0025530292,0
0.20328371,1
0.5599303,1
0.012405358,1
0.013798666,0
0.10780907,1
0.29288414,1
0.009460661,0
0.0019646578,0
0.0053141857,0
0.014825094,1
0.6816704,1
0.12817325,1
0.0036752967,0
0.0035766538,0
0.0051366813,0
0.0011768893,0
0.0009401616,0
0.062515564,1
0.028112415,0
0.17394547,1
9.680382e-05,0
3.2084485e-05,0
5.9203463e-05,0
0.00019010203,0
0.00819059,1
0.00028794268,0
0.0028824783,1
0.059004877,1
0.13611265,1
0.010919037,1
0.00021847752,0
0.23582767,1
0.007511274,1
0.11309018,1
0.09872652,0
0.00012340717,0
0.0008569501,0
0.11388286,1
0.04435722,1
0.04187652,0
3.4554614e-05,0
0.6437886,1
0.13950329,1
0.0077511016,0
0.021833098,0
0.010836415,0
0.23587246,1
0.013674536,1
0.20821714,1
0.09965963,1
0.00041359317,0
0.0047366833,0
0.008959856,1
0.10504323,0
0.011631672,0
0.08589354,1
0.00481275,1
0.01566162,0
0.07596339,0
0.019203965,1
0.08872149,1
0.0014374699,0
0.040145446,1
0.004070934,0
0.000807272,1
0.023732029,0
9.262308e-05,0
0.0030799755,1
0.0014793342,1
0.006866317,1
9.813028e-06,0
0.0009718904,0
0.04432776,1
0.001016307,0
0.0011606729,1
0.003294211,1
0.00056426047,0
0.0013623207,0
0.03665239,1
0.00013876562,0
4.1415376e-05,0
3.3997185e-05,0
2.9715784e-05,0
0.0006423282,0
0.0014188577,0
0.00023191205,0
0.00045784347,0
0.0008948483,0
0.0001846595,0
0.00802098,1
0.0067308107,1
0.004303495,1
0.00032106412,0
0.000101829275,0
0.00045275738,0
0.0001933348,0
0.00042240156,0
2.2967248e-05,0
0.0007959699,1
0.00070036,1
0.00022962774,1
0.0009026346,1
0.00018345524,1
0.009301454,1
0.0018486312,1
0.00058981136,1
0.00031517236,1
0.0013209361,1
0.0063433596,1
0.00018877459,0
0.00032645694,0
0.001086263,1
0.00043430974,1
0.00078051776,1
0.00014308035,0
0.0006853835,0
0.0020800817,1
0.00059797993,1
0.028258815,1
0.012431826,1
0.00079559453,1
0.00023327771,1
0.005457118,1
0.007950192,1
0.0010617089,1
0.00474574,0
0.00032993688,0
7.028811e-05,0
2.6011301e-05,0
0.0004695164,0
9.9636396e-05,0
6.6593086e-05,0
0.00024129904,0
0.00046742006,0
7.38354e-05,0
0.00019642842,0
0.00040715063,0
1.5920396e-05,0
0.00011506387,0
0.00027597946,0
0.00042913275,0
0.00014544842,0
2.3890749e-05,0
5.45887e-05,0
8.4403844e-05,0
5.2740117e-05,0
0.00014692794,0
7.9042715e-05,0
4.5773813e-05,0
0.001675077,1
0.00065971457,1
0.0006181794,1
0.00043995993,0
4.2484367e-05,0
5.372152e-05,0
0.000796031,1
0.010872642,1
0.21019483,1
0.00047097701,0
0.0013529583,1
0.00093559705,1
0.008172675,1
0.00023042693,0
0.0057725213,1
0.00017470251,1
0.009381248,1
0.22991206,0
0.001309244,0
6.497932e-05,0
0.031504262,1
0.03084609,1
0.0018340347,1
0.0014714971,1
0.21632794,0
0.00025070086,0
0.0004460249,1
0.0072180117,0
0.020539977,0
0.37682486,0
0.0008705917,1
0.019785136,1
8.913744e-05,0
3.9643957e-05,0
1.03999955e-05,0
3.0124951e-05,0
0.00014275873,0
7.742543e-05,0
0.00020220867,0
0.00042978677,0
8.603173e-05,0
6.76839e-05,0
0.00029790337,0
8.648728e-05,0
0.00036193323,0
0.0001704809,0
0.0012081974,0
1.7949234e-05,0
0.05763602,0
0.00025225742,0
4.2283245e-05,0
0.01005245,1
0.010463486,1
0.00031575825,0
0.00017485251,0
5.885222e-05,0
1.3580119e-05,0
6.756228e-05,0
5.401763e-05,0
0.000116864496,0
0.00018654777,0
7.631497e-05,0
0.00019317836,0
0.0005391409,0
0.19498067,0
0.00076007575,1
0.00018388973,0
0.012935198,1
4.035007e-05,0
0.0019540752,1
0.0016758132,1
0.0015506262,1
0.0012258138,1
0.00013403207,0
0.023232201,0
0.00013581327,0
0.024671594,1
0.0048679025,1
0.032404814,1
0.012651743,1
0.0019778945,1
0.0066826446,1
0.006098759,1
0.013355883,1
0.6339556,1
0.0022988182,1
0.0034104395,1
0.00119199,0
0.00019152442,0
0.00036335114,0
0.00026414415,0
0.031866927,0
0.0047727595,0
0.0006868944,0
0.0045099766,0
0.0004689537,0
0.002479926,1
0.012578551,1
0.014731008,1
0.09196035,1
0.13528316,1
0.04999528,1
0.11633264,0
0.00026953645,0
0.0018312556,1
0.051264115,1
0.00053322304,1
0.024522461,0
0.030973375,0
0.0006689053,0
0.0004892885,1
0.0022051318,1
0.07862374,1
0.0010468304,1
0.0007379611,1
0.0052747396,1
0.00092703244,0
0.0002791625,0
0.0011706627,0
0.0002191606,0
0.0024382318,0
0.19483557,1
0.00014273328,0
0.4742293,1
0.0022166164,1
0.1445894,1
0.15475959,1
0.0025067518,1
0.00020070637,0
0.0025166245,1
0.0012168492,1
0.0012304098,1
0.0018796005,0
0.0159046,1
0.0006036985,0
0.016175175,1
1.9581772e-05,0
0.00055946613,0
0.0010959603,0
0.013240526,1
7.860921e-05,0
0.013095437,0
0.0015557419,0
0.04885051,1
0.0037904978,1
0.13559598,1
0.08119885,1
0.003464961,0
0.013896712,0
0.0027610129,1
0.0026318016,1
0.0021365392,1
0.0017850691,0
0.27788118,1
0.012413761,1
0.025603464,1
0.0003907337,0
0.00044795018,0
0.00017522737,0
0.00017082326,0
0.0010520843,0
0.0004964837,0
0.0001758195,0
0.0006474125,0
0.0006942099,1
0.00061900157,0
0.025315817,1
0.021352455,1
0.000157724,1
0.0006456382,0
0.0019635435,0
0.00010451736,0
0.0035806736,1
0.0008327009,1
0.0011185313,1
0.0011862884,1
0.002746295,1
0.00061224384,1
0.067871906,1
0.023382593,1
0.0015866804,1
0.13667683,1
0.004552341,1
0.15947162,1
4.907314e-05,0
0.13002214,1
0.0109069515,1
0.00051970425,0
0.21403857,1
0.075845726,1
0.003817445,1
0.25238463,1
0.0017175644,1
0.00355441,0
0.088444166,0
0.03770556,1
0.0055753924,1
0.003288808,1
0.18211317,1
0.0007975503,0
0.013477942,0
0.015755385,0
0.0011527401,0
0.0004919873,0
0.00045162864,1
0.043557502,1
0.27281812,1
0.0042011943,1
0.05897854,1
0.0019276738,1
0.020754488,0
0.009954016,0
0.24141277,1
0.2826018,1
0.0068948073,1
0.12872978,1
0.41907123,1
0.022102458,0
0.052262366,1
0.0014202679,0
0.0030783096,1
0.004939628,1
0.04481885,1
0.04001779,1
0.09329122,0
0.010648059,1
0.0026661907,1
0.04320314,1
0.06997288,1
0.002479105,1
0.3116096,1
0.0050737816,1
0.76401305,1
0.0053236284,1
0.4261851,1
0.35110894,1
0.015815884,1
0.0594267,1
0.09872395,1
0.010367932,1
0.04569643,1
0.0067548226,1
0.015490866,1
0.3270301,1
0.07053449,1
0.07105659,1
0.0022901306,0
0.037213255,1
0.0058153486,1
0.022962267,1
0.034609485,1
0.017134434,1
0.13489375,1
0.0030038117,1
0.44388518,1
0.0014097018,0
0.34301698,1
0.07546465,1
0.23102331,1
0.00082524057,1
0.0074636173,1
0.39629003,1
0.08215024,1
0.0032264814,1
0.0096185105,1
0.0009038389,0
0.003087607,1
0.0044537126,1
0.0155131575,1
0.2677591,1
0.03440317,1
0.11193878,1
0.007055215,0
0.00048844644,0
0.0028739555,0
0.009063072,0
0.021198,0
0.20765181,1
0.33861095,1
0.0077875443,1
0.02060765,1
0.00090493116,0
0.00069736387,0
0.0012438524,0
5.60585e-05,0
0.00024675622,0
5.371036e-05,0
0.0012778034,0
0.0005579274,0
0.0003230414,0
0.04290843,0
0.01540617,0
0.0005060437,0
0.00019407598,0
9.399699e-05,0
0.06510974,1
0.007890816,1
0.067223065,1
0.23473121,1
0.0010496046,0
0.0013197856,1
0.07045806,1
0.0241732,1
0.0029781174,1
0.0120172715,1
0.0064510056,0
0.0016537406,0
0.0071037062,1
0.008282596,1
0.0036190124,1
0.0019603,0
0.08125888,1
0.015811935,1
0.00023129553,0
0.00928711,1
0.05868095,1
0.06578514,1
0.005332999,0
0.00068865856,0
0.00028065106,0
0.00035668846,0
0.0033482811,1
0.00013402631,0
0.0024436715,0
0.00045056976,0
0.029541107,1
0.01209328,1
0.0032483372,1
0.001959732,1
0.00054540974,0
0.016488345,1
0.00017803111,0
0.00012034229,0
0.004363061,1
0.002638937,1
0.001238073,1
0.0028254434,1
0.03600405,1
0.29562992,0
0.0003599121,0
0.00045578016,0
0.001521828,0
0.004061314,0
0.06341423,1
0.00017424602,0
0.00030858774,0
0.00020482462,0
0.00019518983,0
0.0060420414,1
0.007637583,1
0.0051168934,1
0.001280862,1
0.008212718,1
0.0024423248,1
0.0022624366,0
0.0003153383,0
0.15205857,0
0.00093420385,0
4.879129e-05,0
0.044541627,1
0.031899933,0
0.0014339704,0
0.00036416002,0
0.20687142,1
0.0028360526,1
0.04316855,1
0.035748497,1
0.103637986,1
0.013984953,1
0.006090659,1
0.00077030563,1
0.0020375745,0
0.0001562512,0
0.010582724,0
0.00075607316,1
0.0027055484,1
0.45698377,1
0.35346916,1
0.01771263,1
0.008539146,1
0.07128369,1
0.047718763,1
0.24946988,1
0.38801965,1
0.14677386,1
0.002048474,1
0.008078641,1
0.100130334,1
0.14471997,1
0.3088008,0
8.829484e-05,0
0.0005769691,0
2.870432e-05,0
8.870109e-05,0
0.00012646215,0
0.00027540722,0
0.0046345834,0
0.000100943704,0
0.0034444768,1
0.00020092388,1
0.008620726,1
0.00068164547,1
0.017212398,1
8.977003e-05,0
0.00021583456,0
0.00062180724,0
5.8089998e-05,0
5.2388925e-05,0
0.005055998,1
0.00020879527,0
0.01513129,0
0.011326968,1
0.0018813405,0
0.0016561772,0
0.00029740957,0
0.00039762625,0
0.0076782648,0
0.00021185969,1
0.00027962463,0
0.00023667947,0
0.00014797668,0
0.000114624294,0
0.00020626605,0
0.00024554032,0
0.00022986674,0
0.0027747115,0
0.0025476362,0
0.0018528372,0
0.00016805863,0
0.0005911407,0
0.000101158,0
3.55227e-05,0
3.1922544e-05,0
0.0005381221,0
0.00015077242,0
0.00032766518,0
0.00052987,0
0.000108659064,0
0.0028210604,0
0.00046661004,0
0.0005007954,0
6.5316104e-05,0
0.00036911145,0
0.0003814315,0
2.9083774e-05,0
0.0004749394,0
9.750003e-05,0
6.226846e-05,0
0.0114459675,0
0.015179237,0
0.1569611,1
0.22044033,0
0.061116397,0
0.0008333431,0
0.45790404,1
0.4608377,1
0.0014480443,0
0.002313685,0
0.6788753,1
0.59377235,1
0.11630743,1
0.7184042,1
0.7121617,1
0.0049311225,0
0.021627443,0
0.13526072,1
0.008364756,0
0.015016018,0
0.030210981,1
0.3480034,1
0.2916406,1
0.0005194858,0
0.3174338,1
0.010037158,0
0.0008096279,0
0.12585215,1
0.25321054,1
0.5423527,1
0.41678283,1
0.15409891,1
0.0007361871,0
0.019922558,0
0.5439114,1
0.0032021655,1
0.011449389,0
0.0447408,0
0.0388138,1
0.012630776,0
0.006369417,0
0.048258875,0
0.41368416,1
0.020256512,1
0.5899618,1
0.31761003,1
0.048194747,1
0.18973984,0
0.003425047,0
0.0017827614,0
0.0056306445,0
0.46198145,1
0.023850815,1
0.0047529438,0
0.00084488257,0
0.05631963,0
0.23794983,1
0.040408395,1
0.06315446,1
0.0009257262,0
0.64855963,1
0.0052512838,0
0.08323521,0
0.29331112,0
0.046951506,0
0.5857201,1
0.3294388,1
0.0039293724,0
0.03406403,1
0.16077238,1
0.0018526036,0
0.40448174,1
0.0011266506,0
0.00085670187,0
0.0012285501,0
0.37328413,1
0.014011266,0
0.0064887,0
0.14284265,1
0.039894298,0
0.23875514,1
0.8189734,1
0.36368787,1
0.026457217,0
0.00035415095,0
0.0071160495,0
0.014068944,1
0.020377567,1
0.10852358,1
0.03301677,0
0.033739857,1
0.0035833984,1
0.026035378,1
0.005030841,0
0.0006801008,1
0.028091207,1
0.0013804856,0
8.814677e-05,0
4.682812e-05,0
0.00045630155,0
0.0034831562,0
0.0019770758,0
0.001548812,1
0.14186388,0
0.0047440333,1
0.0036800941,0
0.05573769,0
0.008471282,1
0.037868366,0
0.25918517,0
0.03939349,1
0.018028872,0
0.008808807,0
0.008080896,1
0.031998932,0
0.0042492123,0
0.009960753,0
0.0006091905,0
0.00091332226,0
0.00020900939,0
0.0023675088,0
0.00038832997,0
0.34341222,1
0.09994856,1
0.016932271,0
0.17680013,1
0.0009871804,0
0.0022466218,0
0.11527415,0
0.11171895,1
0.009390891,1
0.033503342,1
0.53634846,1
0.0034705868,1
0.033879265,1
0.018415624,0
0.008993054,1
0.0033812192,0
0.0054882676,0
0.04764218,1
0.09573664,1
0.011273369,1
0.0012071851,1
0.021778982,1
0.0016845865,1
0.024834124,1
0.049598157,1
0.021267807,1
0.07512394,1
0.027472034,0
0.0018701935,0
0.0015596539,0
0.2534315,1
0.01716196,1
0.0010042718,0
0.074356444,1
0.006114166,1
0.04560518,1
0.0012348897,0
0.001312437,0
0.015808655,1
0.28094515,1
0.0070148143,1
0.003893783,1
0.1257598,1
0.00093152496,0
0.013685961,0
0.00176582,0
0.00030716622,0
0.07882401,1
0.0036239938,1
0.004883021,1
0.00010050168,0
0.0009770097,1
0.046762448,1
4.69041e-05,0
0.00081556145,0
0.045060843,1
0.003000117,1
0.0045143547,1
0.0013121845,0
0.004155255,0
0.11758701,1
0.12259926,1
0.0005139374,0
0.0019170293,0
0.20810694,1
0.0025146322,1
0.0030468078,0
0.036382258,1
0.20658588,1
0.00034297255,1
0.0039054353,1
0.0008230111,0
0.0036319776,1
0.13609959,1
0.08266411,1
0.0004994639,0
0.008385599,1
0.0016449037,0
0.0029825978,0
0.0039041874,1
0.0065669427,0
0.0012434699,0
0.0006888923,0
0.11045609,1
0.014513042,0
0.46697816,1
0.0031983063,0
0.00082204206,0
0.0038490032,0
0.15110649,0
0.22346948,1
0.003381767,1
0.072978936,1
0.00060031493,0
0.0025291739,0
0.08381139,1
0.00085563323,1
0.00051255367,0
0.00031011607,0
0.0013878439,0
0.000854427,0
0.34097156,1
0.04424949,1
0.16163476,1
0.06250507,1
0.00079346553,1
0.0029267415,0
0.00014178237,0
0.0028590967,0
0.07164619,0
0.08359854,1
0.0003824915,0
0.29903677,1
0.0072833654,1
0.0001443226,0
0.000719912,1
0.0014382107,0
0.024358544,0
0.08562586,1
0.043705136,1
0.19256328,1
0.017849416,1
0.063709095,0
0.016773101,1
0.40228865,1
0.00221653,0
0.027757874,1
0.03627556,1
0.4484948,1
0.065202326,0
0.19328175,1
0.028003767,1
0.5681358,1
0.10911106,0
0.0045042154,0
0.0010050634,0
0.0081624305,0
0.56791127,1
0.21674667,1
0.6258731,1
0.103873245,1
0.118001424,1
0.0332053,1
0.63113755,1
0.14367686,1
0.06568443,1
0.088395566,1
0.06582906,1
0.00481689,0
0.16765222,1
0.08497329,1
0.047751017,0
0.0057601756,0
0.0016065455,0
0.08212564,1
0.009197104,1
0.0014042031,1
0.0005267845,0
0.14851835,1
0.029408231,1
0.0009567068,0
0.013904418,0
0.00061364466,0
0.0021342572,0
0.37873244,1
0.013222785,1
0.003454531,0
0.50794476,1
0.0052557043,0
0.22154208,1
0.0005597776,0
0.02647115,1
0.058964893,1
0.003932083,0
0.0006197128,0
0.0030775592,0
0.00027517887,0
0.0020957093,0
0.051067553,1
0.017086623,1
0.0009611416,0
0.002052827,0
0.010461097,1
0.009785775,1
0.00011081208,0
0.033407766,1
0.0011282386,0
0.0004814446,0
0.00070721254,0
0.004675414,0
6.9138645e-05,0
0.0018675907,0
0.00029157067,0
0.00021537389,0
0.022504972,1
0.0032839938,0
0.006133288,0
0.0006660984,0
0.0018502842,0
0.029549865,1
0.0017897309,0
0.0007664856,0
0.00029608776,0
0.0017263531,0
0.21616586,1
8.3470564e-05,0
0.0032383928,0
0.0033040582,1
0.00022661797,0
0.0029540577,1
0.003157683,0
0.047505487,1
0.013537903,0
0.0017990161,0
0.00089470553,0
0.0022672757,0
0.0003870665,0
